y,x
1,0.15248
1,0.25478
1,0.29107
1,0.29807
1,0.30725
1,0.31094
1,0.32036
1,0.32641
1,0.32998
1,0.34001
1,0.34272
1,0.35387
1,0.35504
1,0.36079
1,0.37502
1,0.37909
1,0.38009
1,0.38058
1,0.38382
1,0.3935
1,0.40118
1,0.40162
1,0.40462
1,0.411
1,0.412
1,0.41446
1,0.41471
1,0.41606
1,0.41996
1,0.42016
1,0.42044
1,0.42065
1,0.42491
1,0.42766
1,0.42945
1,0.43047
1,0.43456
1,0.43475
1,0.43909
1,0.44043
1,0.44115
1,0.44259
1,0.44346
1,0.44865
1,0.44983
1,0.45112
1,0.45128
1,0.4538
1,0.45381
1,0.45404
1,0.45406
1,0.45563
1,0.458
1,0.45861
1,0.45882
1,0.46189
1,0.46306
1,0.46342
1,0.46355
1,0.46708
1,0.46738
1,0.46744
1,0.46769
1,0.47096
1,0.47241
1,0.47251
1,0.47318
1,0.47384
1,0.47416
1,0.47564
1,0.47666
1,0.47929
1,0.47999
1,0.48156
1,0.4836
1,0.48583
1,0.48621
1,0.48824
1,0.48901
1,0.4894
1,0.49239
1,0.49368
1,0.49529
1,0.49713
1,0.49727
1,0.50004
1,0.50021
1,0.50265
1,0.50269
1,0.5032
1,0.50463
1,0.50855
1,0.50879
1,0.50936
1,0.51011
1,0.51045
1,0.51123
1,0.51204
1,0.5128
1,0.51303
1,0.51316
1,0.51349
1,0.5148
1,0.5155
1,0.51588
1,0.51594
1,0.51686
1,0.5171
1,0.51912
1,0.51995
1,0.52202
1,0.52228
1,0.52231
1,0.52242
1,0.52352
1,0.52415
1,0.52731
1,0.52801
1,0.52829
1,0.52832
1,0.52868
1,0.53084
1,0.53144
1,0.53155
1,0.53276
1,0.53355
1,0.53384
1,0.53414
1,0.53565
1,0.53736
1,0.53775
1,0.53813
1,0.53912
1,0.53923
1,0.53982
1,0.54182
1,0.5429
1,0.5436
1,0.54456
1,0.54475
1,0.546
1,0.54793
1,0.54798
1,0.5482
1,0.5494
1,0.54975
1,0.55008
1,0.552
1,0.55249
1,0.55297
1,0.55327
1,0.55466
1,0.55608
1,0.55635
1,0.55645
1,0.55814
1,0.55815
1,0.5593
1,0.56093
1,0.56129
1,0.56188
1,0.56253
1,0.56373
1,0.56399
1,0.56407
1,0.56469
1,0.56548
1,0.56559
1,0.56786
1,0.56826
1,0.57025
1,0.57051
1,0.57101
1,0.57132
1,0.57172
1,0.5718
1,0.57199
1,0.57219
1,0.57322
1,0.57429
1,0.57456
1,0.57492
1,0.57584
1,0.5761
1,0.57637
1,0.57718
1,0.57745
1,0.58037
1,0.5807
1,0.58186
1,0.58222
1,0.58284
1,0.58296
1,0.58317
1,0.58363
1,0.58403
1,0.58506
1,0.58519
1,0.58642
1,0.58808
1,0.58815
1,0.5882
1,0.5888
1,0.58998
1,0.59061
1,0.59208
1,0.59287
1,0.59327
1,0.5936
1,0.59453
1,0.59481
1,0.59492
1,0.59597
1,0.59692
1,0.60041
1,0.60052
1,0.60091
1,0.60118
1,0.60134
1,0.60209
1,0.60227
1,0.6023
1,0.60265
1,0.60307
1,0.60394
1,0.60424
1,0.60432
1,0.60442
1,0.60487
1,0.60502
1,0.60541
1,0.60587
1,0.60602
1,0.6063
1,0.60741
1,0.60756
1,0.60768
1,0.60881
1,0.60933
1,0.60968
1,0.60998
1,0.61033
1,0.61057
1,0.61072
1,0.61181
1,0.6125
1,0.61266
1,0.61286
1,0.61288
1,0.61329
1,0.61352
1,0.61467
1,0.61702
1,0.61851
1,0.61875
1,0.61905
1,0.61995
1,0.62098
1,0.62143
1,0.62208
1,0.62293
1,0.62447
1,0.62472
1,0.62489
1,0.62568
1,0.62624
1,0.62679
1,0.62802
1,0.62831
1,0.62885
1,0.62912
1,0.62997
1,0.6302
1,0.6303
1,0.63196
1,0.63215
1,0.63228
1,0.63265
1,0.63316
1,0.63369
1,0.63387
1,0.63388
1,0.63403
1,0.63429
1,0.63456
1,0.63471
1,0.63553
1,0.63595
1,0.63622
1,0.63625
1,0.63692
1,0.63783
1,0.63872
1,0.64067
1,0.64101
1,0.64188
1,0.64192
1,0.64301
1,0.64305
1,0.64392
1,0.64517
1,0.64605
1,0.64635
1,0.64659
1,0.64681
1,0.6483
1,0.64846
1,0.64854
1,0.64868
1,0.64916
1,0.6493
1,0.65014
1,0.65025
1,0.65086
1,0.65191
1,0.65219
1,0.65244
1,0.65317
1,0.65376
1,0.65601
1,0.65623
1,0.65708
1,0.65791
1,0.65907
1,0.6596
1,0.66
1,0.66132
1,0.66157
1,0.66175
1,0.66193
1,0.66222
1,0.6631
1,0.66366
1,0.66425
1,0.66428
1,0.66465
1,0.66637
1,0.66689
1,0.66764
1,0.66774
1,0.66805
1,0.66848
1,0.66849
1,0.66871
1,0.66885
1,0.66966
1,0.67056
1,0.67098
1,0.6714
1,0.67193
1,0.67206
1,0.67245
1,0.67295
1,0.67333
1,0.67337
1,0.67427
1,0.67433
1,0.67513
1,0.67531
1,0.67596
1,0.67674
1,0.67814
1,0.67839
1,0.67849
1,0.67857
1,0.6787
1,0.67931
1,0.67976
1,0.67993
1,0.68018
1,0.6805
1,0.68124
1,0.68157
1,0.68166
1,0.68172
1,0.68198
1,0.68205
1,0.6832
1,0.68469
1,0.68484
1,0.68595
1,0.68656
1,0.68705
1,0.68722
1,0.68725
1,0.68762
1,0.68843
1,0.68862
1,0.69057
1,0.69067
1,0.69167
1,0.69173
1,0.69456
1,0.69515
1,0.69516
1,0.69559
1,0.69565
1,0.69596
1,0.69743
1,0.69769
1,0.69772
1,0.69777
1,0.6982
1,0.69832
1,0.69997
1,0.70006
1,0.70037
1,0.70091
1,0.70193
1,0.70252
1,0.70429
1,0.70436
1,0.70477
1,0.70481
1,0.7051
1,0.70511
1,0.70518
1,0.70558
1,0.70628
1,0.70668
1,0.70807
1,0.70884
1,0.70906
1,0.70962
1,0.70966
1,0.7097
1,0.71052
1,0.71146
1,0.71187
1,0.71194
1,0.71217
1,0.71231
1,0.71242
1,0.71245
1,0.71253
1,0.713
1,0.71314
1,0.71334
1,0.71371
1,0.71399
1,0.71419
1,0.71444
1,0.71485
1,0.71495
1,0.71613
1,0.7173
1,0.71794
1,0.71822
1,0.71871
1,0.71916
1,0.71999
1,0.72014
1,0.72018
1,0.72081
1,0.72182
1,0.72189
1,0.72197
1,0.72276
1,0.72292
1,0.72309
1,0.72432
1,0.72537
1,0.72658
1,0.7267
1,0.72686
1,0.72722
1,0.7277
1,0.72819
1,0.72834
1,0.72842
1,0.72875
1,0.72882
1,0.72934
1,0.73137
1,0.73139
1,0.73249
1,0.73272
1,0.73316
1,0.73327
1,0.7339
1,0.73451
1,0.73461
1,0.73495
1,0.73591
1,0.73631
1,0.73633
1,0.73641
1,0.73672
1,0.7382
1,0.73924
1,0.73927
1,0.73941
1,0.7397
1,0.74032
1,0.74037
1,0.74155
1,0.74226
1,0.74286
1,0.74307
1,0.74373
1,0.74519
1,0.74543
1,0.74623
1,0.74624
1,0.7464
1,0.74743
1,0.74772
1,0.74791
1,0.74947
1,0.75144
1,0.75148
1,0.75189
1,0.75196
1,0.7521
1,0.75276
1,0.75295
1,0.75348
1,0.75368
1,0.75371
1,0.75425
1,0.75488
1,0.75627
1,0.75675
1,0.75708
1,0.75729
1,0.75813
1,0.7585
1,0.75902
1,0.75963
1,0.76051
1,0.7612
1,0.76131
1,0.7615
1,0.76236
1,0.76297
1,0.76311
1,0.76419
1,0.76532
1,0.76534
1,0.76544
1,0.76587
1,0.76615
1,0.76634
1,0.7669
1,0.76735
1,0.76748
1,0.76764
1,0.76822
1,0.76873
1,0.76946
1,0.77006
1,0.77059
1,0.77099
1,0.77176
1,0.77189
1,0.77354
1,0.77355
1,0.7745
1,0.77661
1,0.77768
1,0.77943
1,0.77972
1,0.78035
1,0.7804
1,0.78104
1,0.78161
1,0.782
1,0.78264
1,0.78309
1,0.78337
1,0.78512
1,0.78533
1,0.78581
1,0.78672
1,0.78682
1,0.78751
1,0.78753
1,0.78811
1,0.78986
1,0.79025
1,0.79027
1,0.79091
1,0.79117
1,0.79141
1,0.79177
1,0.79281
1,0.79396
1,0.79404
1,0.79439
1,0.79448
1,0.79476
1,0.79497
1,0.7951
1,0.79523
1,0.79542
1,0.79613
1,0.79637
1,0.79705
1,0.79769
1,0.7977
1,0.79868
1,0.79937
1,0.79971
1,0.79984
1,0.79997
1,0.80069
1,0.80134
1,0.80142
1,0.80143
1,0.80201
1,0.80253
1,0.80262
1,0.8028
1,0.8032
1,0.80341
1,0.80356
1,0.80357
1,0.80393
1,0.80397
1,0.80417
1,0.80604
1,0.80625
1,0.80652
1,0.80745
1,0.80748
1,0.80782
1,0.80837
1,0.80855
1,0.80867
1,0.80886
1,0.80918
1,0.80946
1,0.81059
1,0.81121
1,0.8118
1,0.81224
1,0.81279
1,0.81282
1,0.81297
1,0.81343
1,0.81398
1,0.81403
1,0.81414
1,0.81415
1,0.8142
1,0.81487
1,0.8155
1,0.81571
1,0.81766
1,0.81831
1,0.81887
1,0.81916
1,0.8194
1,0.82065
1,0.82144
1,0.8217
1,0.82274
1,0.82285
1,0.82519
1,0.82566
1,0.82604
1,0.82674
1,0.8268
1,0.82701
1,0.82728
1,0.82753
1,0.8276
1,0.82898
1,0.82929
1,0.82996
1,0.83004
1,0.83041
1,0.83044
1,0.83121
1,0.83124
1,0.83133
1,0.83188
1,0.83194
1,0.83207
1,0.83243
1,0.83296
1,0.833
1,0.83303
1,0.83326
1,0.83474
1,0.8349
1,0.83514
1,0.8356
1,0.8373
1,0.8376
1,0.83807
1,0.83823
1,0.83909
1,0.83912
1,0.83993
1,0.84019
1,0.84055
1,0.84075
1,0.8408
1,0.84153
1,0.84167
1,0.84271
1,0.84321
1,0.84336
1,0.84616
1,0.84678
1,0.84716
1,0.8475
1,0.8478
1,0.84782
1,0.84798
1,0.84817
1,0.84907
1,0.8496
1,0.8497
1,0.84995
1,0.85025
1,0.85108
1,0.8521
1,0.8524
1,0.85267
1,0.85315
1,0.85376
1,0.85432
1,0.85435
1,0.85465
1,0.85499
1,0.85511
1,0.85554
1,0.85631
1,0.85736
1,0.85758
1,0.85784
1,0.85843
1,0.85844
1,0.85852
1,0.85903
1,0.85937
1,0.86021
1,0.86073
1,0.86166
1,0.86184
1,0.86191
1,0.86242
1,0.86264
1,0.86265
1,0.86296
1,0.86313
1,0.8644
1,0.86485
1,0.86515
1,0.86553
1,0.8656
1,0.86573
1,0.86607
1,0.86709
1,0.86714
1,0.86776
1,0.86864
1,0.86898
1,0.86946
1,0.86966
1,0.87051
1,0.8708
1,0.87211
1,0.87255
1,0.87314
1,0.8737
1,0.87375
1,0.87387
1,0.87393
1,0.87556
1,0.87622
1,0.8772
1,0.87726
1,0.87817
1,0.87858
1,0.88018
1,0.88098
1,0.8828
1,0.88434
1,0.88437
1,0.88554
1,0.88583
1,0.8865
1,0.88699
1,0.88734
1,0.88744
1,0.88789
1,0.88799
1,0.889
1,0.88948
1,0.88987
1,0.8905
1,0.89068
1,0.89084
1,0.8909
1,0.89145
1,0.89241
1,0.89287
1,0.8935
1,0.89485
1,0.89503
1,0.89516
1,0.89564
1,0.89618
1,0.8967
1,0.89724
1,0.89759
1,0.89882
1,0.90008
1,0.90023
1,0.90047
1,0.90054
1,0.90079
1,0.90085
1,0.90121
1,0.90123
1,0.90213
1,0.90236
1,0.90257
1,0.90397
1,0.90429
1,0.90517
1,0.9058
1,0.90609
1,0.90677
1,0.90693
1,0.90711
1,0.90745
1,0.90763
1,0.90807
1,0.9081
1,0.90848
1,0.90855
1,0.90922
1,0.90958
1,0.90977
1,0.90998
1,0.91084
1,0.91091
1,0.91178
1,0.91223
1,0.91315
1,0.91318
1,0.91453
1,0.91473
1,0.9148
1,0.91486
1,0.91495
1,0.91505
1,0.91593
1,0.91647
1,0.91651
1,0.91727
1,0.91942
1,0.92052
1,0.92093
1,0.92275
1,0.9228
1,0.92296
1,0.92311
1,0.92339
1,0.92354
1,0.92511
1,0.92556
1,0.92557
1,0.92607
1,0.92802
1,0.92808
1,0.92922
1,0.92956
1,0.92996
1,0.93088
1,0.93093
1,0.93191
1,0.93206
1,0.93222
1,0.93305
1,0.93347
1,0.93377
1,0.93413
1,0.93459
1,0.93588
1,0.93622
1,0.93638
1,0.93653
1,0.93698
1,0.93766
1,0.93798
1,0.93818
1,0.93858
1,0.94009
1,0.94028
1,0.9404
1,0.94044
1,0.94231
1,0.94288
1,0.94303
1,0.94434
1,0.94583
1,0.94586
1,0.94745
1,0.94782
1,0.94837
1,0.94904
1,0.9492
1,0.9506
1,0.95079
1,0.9508
1,0.951
1,0.95273
1,0.95274
1,0.95288
1,0.953
1,0.95322
1,0.95411
1,0.95484
1,0.95507
1,0.9558
1,0.95605
1,0.95666
1,0.95721
1,0.96084
1,0.96183
1,0.96186
1,0.96224
1,0.96247
1,0.9629
1,0.96299
1,0.96352
1,0.96469
1,0.96479
1,0.96508
1,0.9657
1,0.96631
1,0.96781
1,0.96882
1,0.96995
1,0.97097
1,0.97107
1,0.9711
1,0.97146
1,0.97176
1,0.97188
1,0.97239
1,0.97252
1,0.97259
1,0.97276
1,0.97319
1,0.97376
1,0.97421
1,0.97464
1,0.97609
1,0.97664
1,0.97718
1,0.97722
1,0.97748
1,0.97854
1,0.97889
1,0.97917
1,0.97931
1,0.98088
1,0.98142
1,0.98195
1,0.98205
1,0.98301
1,0.98311
1,0.98346
1,0.98519
1,0.98532
1,0.9858
1,0.9859
1,0.98601
1,0.98632
1,0.98703
1,0.9872
1,0.98721
1,0.98879
1,0.98936
1,0.98971
1,0.98991
1,0.99119
1,0.99149
1,0.99181
1,0.9925
1,0.99316
1,0.99344
1,0.99368
1,0.99372
1,0.99527
1,0.99571
1,0.99595
1,0.99615
1,0.99649
1,0.99747
1,0.99768
1,0.99855
1,0.99869
1,0.99963
0,0.00007
0,0.00017
0,0.00034
0,0.0008
0,0.00121
0,0.00142
0,0.00188
0,0.002
0,0.00224
0,0.00225
0,0.00248
0,0.00265
0,0.00303
0,0.00316
0,0.00334
0,0.00358
0,0.00439
0,0.00469
0,0.00489
0,0.00523
0,0.00526
0,0.00547
0,0.00572
0,0.00584
0,0.00588
0,0.00615
0,0.00625
0,0.00641
0,0.0067
0,0.00687
0,0.00695
0,0.00708
0,0.00738
0,0.00748
0,0.00765
0,0.0079
0,0.00816
0,0.00855
0,0.00857
0,0.00871
0,0.00881
0,0.00984
0,0.01006
0,0.01066
0,0.01081
0,0.01111
0,0.01182
0,0.01275
0,0.01291
0,0.01342
0,0.01345
0,0.01356
0,0.01425
0,0.01429
0,0.01475
0,0.01477
0,0.01485
0,0.01523
0,0.01525
0,0.01553
0,0.01567
0,0.01581
0,0.01589
0,0.01592
0,0.01617
0,0.01618
0,0.01629
0,0.0163
0,0.01633
0,0.01657
0,0.01668
0,0.01676
0,0.01692
0,0.01714
0,0.01734
0,0.01751
0,0.01752
0,0.01761
0,0.01768
0,0.01798
0,0.01813
0,0.01831
0,0.01834
0,0.01847
0,0.01863
0,0.0191
0,0.01916
0,0.01931
0,0.01966
0,0.01982
0,0.01987
0,0.02
0,0.02006
0,0.02013
0,0.02026
0,0.02038
0,0.0204
0,0.02057
0,0.02058
0,0.02078
0,0.02084
0,0.02112
0,0.02125
0,0.02136
0,0.02164
0,0.02175
0,0.02202
0,0.02212
0,0.02233
0,0.02242
0,0.02243
0,0.02245
0,0.0225
0,0.02252
0,0.02261
0,0.02263
0,0.02279
0,0.0228
0,0.02313
0,0.02332
0,0.02335
0,0.02374
0,0.02395
0,0.02422
0,0.02424
0,0.0245
0,0.02464
0,0.02473
0,0.0251
0,0.02565
0,0.02601
0,0.02604
0,0.02629
0,0.02655
0,0.02674
0,0.02731
0,0.02766
0,0.02768
0,0.02815
0,0.02956
0,0.02962
0,0.02976
0,0.03013
0,0.03026
0,0.03072
0,0.03085
0,0.03112
0,0.03113
0,0.03128
0,0.03161
0,0.03165
0,0.03181
0,0.03193
0,0.03212
0,0.03253
0,0.03263
0,0.03275
0,0.03277
0,0.03314
0,0.03331
0,0.03338
0,0.03345
0,0.03363
0,0.03368
0,0.03396
0,0.03411
0,0.0345
0,0.03476
0,0.03481
0,0.03484
0,0.03495
0,0.03525
0,0.03541
0,0.03553
0,0.03565
0,0.0358
0,0.03587
0,0.03612
0,0.03625
0,0.03635
0,0.0366
0,0.03677
0,0.03721
0,0.03732
0,0.03735
0,0.0374
0,0.03745
0,0.03749
0,0.03765
0,0.03856
0,0.03907
0,0.03944
0,0.03959
0,0.04015
0,0.04016
0,0.04048
0,0.04083
0,0.04114
0,0.0412
0,0.04178
0,0.04216
0,0.04226
0,0.04241
0,0.0426
0,0.04282
0,0.0429
0,0.04333
0,0.04345
0,0.04353
0,0.04407
0,0.04429
0,0.04458
0,0.04492
0,0.04529
0,0.0453
0,0.04533
0,0.04548
0,0.0455
0,0.04556
0,0.04566
0,0.04568
0,0.04586
0,0.04593
0,0.04627
0,0.04641
0,0.04663
0,0.04664
0,0.04668
0,0.04692
0,0.04742
0,0.04751
0,0.04758
0,0.04844
0,0.04847
0,0.04857
0,0.04871
0,0.04886
0,0.04892
0,0.0491
0,0.04914
0,0.04926
0,0.04963
0,0.04965
0,0.04972
0,0.04976
0,0.05002
0,0.05005
0,0.05006
0,0.05037
0,0.05047
0,0.05097
0,0.05134
0,0.05135
0,0.05166
0,0.05205
0,0.05207
0,0.05208
0,0.05251
0,0.05321
0,0.05327
0,0.05335
0,0.05359
0,0.0536
0,0.05365
0,0.05396
0,0.0541
0,0.05486
0,0.05496
0,0.0551
0,0.05513
0,0.05564
0,0.05607
0,0.05608
0,0.05625
0,0.05626
0,0.05636
0,0.05641
0,0.05674
0,0.05685
0,0.05702
0,0.05718
0,0.05762
0,0.05767
0,0.05802
0,0.05814
0,0.05839
0,0.05858
0,0.05859
0,0.05897
0,0.05901
0,0.0591
0,0.0594
0,0.05959
0,0.0597
0,0.05993
0,0.06016
0,0.06017
0,0.06028
0,0.06049
0,0.06056
0,0.06078
0,0.06086
0,0.06128
0,0.06222
0,0.06279
0,0.0629
0,0.06293
0,0.0631
0,0.06312
0,0.06317
0,0.06318
0,0.0633
0,0.06339
0,0.06345
0,0.06356
0,0.06362
0,0.06392
0,0.06509
0,0.06537
0,0.06587
0,0.06591
0,0.06599
0,0.06629
0,0.06673
0,0.06699
0,0.06701
0,0.06702
0,0.06825
0,0.0684
0,0.06863
0,0.06894
0,0.06899
0,0.06932
0,0.06941
0,0.06991
0,0.06999
0,0.07002
0,0.07011
0,0.07021
0,0.07086
0,0.07109
0,0.07159
0,0.07221
0,0.07224
0,0.07225
0,0.07245
0,0.07273
0,0.07297
0,0.07345
0,0.07353
0,0.07363
0,0.07368
0,0.07385
0,0.07399
0,0.074
0,0.07404
0,0.07412
0,0.07508
0,0.07589
0,0.07597
0,0.07604
0,0.07627
0,0.07642
0,0.07653
0,0.07667
0,0.07709
0,0.07717
0,0.07725
0,0.07745
0,0.07758
0,0.0776
0,0.07779
0,0.07799
0,0.07808
0,0.07824
0,0.07839
0,0.07841
0,0.07857
0,0.07879
0,0.07883
0,0.07889
0,0.07892
0,0.07905
0,0.07913
0,0.07941
0,0.07951
0,0.07993
0,0.07997
0,0.08
0,0.08025
0,0.08033
0,0.08063
0,0.08129
0,0.08167
0,0.08171
0,0.08174
0,0.08266
0,0.08277
0,0.08298
0,0.08353
0,0.08382
0,0.08395
0,0.08431
0,0.08444
0,0.08478
0,0.08486
0,0.08496
0,0.08542
0,0.08586
0,0.08607
0,0.08618
0,0.08624
0,0.08668
0,0.08716
0,0.08722
0,0.08746
0,0.0875
0,0.08776
0,0.08791
0,0.08796
0,0.08829
0,0.08858
0,0.08865
0,0.08878
0,0.08892
0,0.08894
0,0.08909
0,0.08917
0,0.08918
0,0.08927
0,0.08947
0,0.08965
0,0.08966
0,0.08983
0,0.08992
0,0.09001
0,0.09017
0,0.09074
0,0.09078
0,0.09096
0,0.09117
0,0.09125
0,0.09128
0,0.09139
0,0.09159
0,0.09165
0,0.09178
0,0.09204
0,0.0922
0,0.09267
0,0.09275
0,0.09298
0,0.09321
0,0.09329
0,0.09339
0,0.09344
0,0.0935
0,0.09362
0,0.09373
0,0.09375
0,0.09391
0,0.09397
0,0.094
0,0.09408
0,0.09432
0,0.09449
0,0.09456
0,0.09503
0,0.09524
0,0.09543
0,0.09554
0,0.09562
0,0.09592
0,0.09608
0,0.09625
0,0.09648
0,0.09667
0,0.09674
0,0.09738
0,0.09754
0,0.09798
0,0.09832
0,0.09877
0,0.09906
0,0.09916
0,0.09941
0,0.09958
0,0.09982
0,0.09983
0,0.09984
0,0.10018
0,0.10027
0,0.10035
0,0.10128
0,0.10135
0,0.10139
0,0.10169
0,0.10196
0,0.10223
0,0.10245
0,0.10281
0,0.10366
0,0.10407
0,0.1041
0,0.10417
0,0.1043
0,0.10463
0,0.10486
0,0.10522
0,0.10535
0,0.10569
0,0.10594
0,0.10621
0,0.10632
0,0.10654
0,0.10704
0,0.10708
0,0.10722
0,0.10724
0,0.10772
0,0.10781
0,0.10786
0,0.10819
0,0.10839
0,0.10865
0,0.10895
0,0.10903
0,0.10937
0,0.10938
0,0.10946
0,0.10962
0,0.10976
0,0.10997
0,0.10999
0,0.11017
0,0.11023
0,0.1103
0,0.11041
0,0.11044
0,0.11062
0,0.11067
0,0.11122
0,0.11141
0,0.11192
0,0.11233
0,0.11263
0,0.11343
0,0.1135
0,0.11352
0,0.11381
0,0.11405
0,0.11426
0,0.1144
0,0.11457
0,0.115
0,0.11527
0,0.1154
0,0.11583
0,0.11623
0,0.11632
0,0.11638
0,0.11639
0,0.11644
0,0.11658
0,0.11672
0,0.11694
0,0.11719
0,0.11738
0,0.11749
0,0.11778
0,0.11792
0,0.11857
0,0.11864
0,0.11888
0,0.11914
0,0.11918
0,0.1193
0,0.11944
0,0.11975
0,0.12004
0,0.12015
0,0.12073
0,0.12083
0,0.12084
0,0.12096
0,0.12098
0,0.12105
0,0.12124
0,0.1222
0,0.12248
0,0.12249
0,0.12276
0,0.12286
0,0.1231
0,0.12315
0,0.12346
0,0.1236
0,0.12362
0,0.12377
0,0.12422
0,0.12431
0,0.12441
0,0.12442
0,0.12462
0,0.12479
0,0.1248
0,0.12483
0,0.12509
0,0.12516
0,0.12553
0,0.12554
0,0.12631
0,0.12632
0,0.12683
0,0.12703
0,0.12717
0,0.12758
0,0.12772
0,0.12774
0,0.12783
0,0.12787
0,0.1282
0,0.12844
0,0.12848
0,0.12856
0,0.12887
0,0.12917
0,0.12953
0,0.12996
0,0.13019
0,0.1304
0,0.13048
0,0.13078
0,0.13096
0,0.13101
0,0.13117
0,0.13119
0,0.13126
0,0.13147
0,0.13168
0,0.13185
0,0.13214
0,0.13222
0,0.13232
0,0.13247
0,0.13248
0,0.13251
0,0.13338
0,0.13415
0,0.13418
0,0.13437
0,0.13492
0,0.13512
0,0.13563
0,0.13586
0,0.13603
0,0.13613
0,0.13709
0,0.13742
0,0.13774
0,0.13778
0,0.1378
0,0.13809
0,0.13811
0,0.13818
0,0.13845
0,0.1395
0,0.13998
0,0.14002
0,0.14009
0,0.1403
0,0.14055
0,0.14088
0,0.14117
0,0.14127
0,0.14179
0,0.14201
0,0.14218
0,0.14236
0,0.14251
0,0.14312
0,0.14316
0,0.14358
0,0.14361
0,0.14368
0,0.14378
0,0.1438
0,0.14387
0,0.14409
0,0.14419
0,0.1443
0,0.14473
0,0.14496
0,0.14498
0,0.14519
0,0.14527
0,0.14532
0,0.1455
0,0.14568
0,0.14575
0,0.14602
0,0.14616
0,0.14627
0,0.1463
0,0.14646
0,0.14657
0,0.14664
0,0.1473
0,0.1474
0,0.14745
0,0.14752
0,0.14805
0,0.14832
0,0.14871
0,0.14873
0,0.14986
0,0.14987
0,0.15021
0,0.15033
0,0.1507
0,0.15083
0,0.15093
0,0.15145
0,0.15157
0,0.15184
0,0.15192
0,0.15199
0,0.15212
0,0.15222
0,0.15242
0,0.15245
0,0.15288
0,0.15318
0,0.15327
0,0.15345
0,0.15351
0,0.15362
0,0.15376
0,0.15391
0,0.15417
0,0.1543
0,0.15496
0,0.15513
0,0.15518
0,0.15532
0,0.15535
0,0.15551
0,0.15562
0,0.15571
0,0.15582
0,0.15625
0,0.15662
0,0.15695
0,0.15707
0,0.1571
0,0.15715
0,0.15738
0,0.15813
0,0.15879
0,0.15897
0,0.15917
0,0.15943
0,0.15952
0,0.15969
0,0.1598
0,0.16002
0,0.16024
0,0.16064
0,0.16077
0,0.16098
0,0.16112
0,0.16146
0,0.16152
0,0.16163
0,0.16187
0,0.16194
0,0.16196
0,0.16197
0,0.16225
0,0.16242
0,0.16249
0,0.1627
0,0.16298
0,0.16307
0,0.16343
0,0.1636
0,0.16383
0,0.16407
0,0.16416
0,0.16435
0,0.16459
0,0.16465
0,0.16475
0,0.16485
0,0.16525
0,0.1654
0,0.16542
0,0.16559
0,0.16605
0,0.16608
0,0.16609
0,0.16615
0,0.16671
0,0.16688
0,0.16694
0,0.167
0,0.16715
0,0.1679
0,0.16807
0,0.16809
0,0.1681
0,0.16815
0,0.16819
0,0.16848
0,0.16849
0,0.16852
0,0.16869
0,0.1688
0,0.1689
0,0.16891
0,0.1691
0,0.1693
0,0.16933
0,0.16949
0,0.16961
0,0.16976
0,0.16991
0,0.17026
0,0.17035
0,0.17062
0,0.17095
0,0.17105
0,0.17115
0,0.17118
0,0.17119
0,0.17121
0,0.17126
0,0.1713
0,0.17178
0,0.17211
0,0.17214
0,0.1722
0,0.17224
0,0.17261
0,0.17262
0,0.17263
0,0.17268
0,0.17301
0,0.17333
0,0.17334
0,0.17344
0,0.17367
0,0.17414
0,0.1748
0,0.17509
0,0.1751
0,0.17518
0,0.17519
0,0.17524
0,0.17549
0,0.17581
0,0.17603
0,0.17616
0,0.17657
0,0.1766
0,0.17663
0,0.17678
0,0.17681
0,0.17688
0,0.17698
0,0.17702
0,0.17728
0,0.17738
0,0.17745
0,0.17777
0,0.17786
0,0.17832
0,0.17846
0,0.17863
0,0.17899
0,0.17919
0,0.17939
0,0.17943
0,0.1799
0,0.18009
0,0.18052
0,0.18093
0,0.1812
0,0.18126
0,0.18133
0,0.18169
0,0.18178
0,0.18195
0,0.18213
0,0.1826
0,0.18264
0,0.18271
0,0.18273
0,0.18277
0,0.18284
0,0.18319
0,0.18343
0,0.18352
0,0.18364
0,0.18381
0,0.18447
0,0.18463
0,0.18495
0,0.18504
0,0.18509
0,0.18514
0,0.1852
0,0.18547
0,0.18549
0,0.18556
0,0.18573
0,0.18585
0,0.18602
0,0.18636
0,0.18677
0,0.18681
0,0.18692
0,0.18696
0,0.187
0,0.18737
0,0.18777
0,0.18793
0,0.18804
0,0.18814
0,0.18819
0,0.18832
0,0.18834
0,0.18854
0,0.18863
0,0.18885
0,0.18894
0,0.18903
0,0.18913
0,0.18919
0,0.18935
0,0.1896
0,0.18977
0,0.19022
0,0.1906
0,0.19061
0,0.1907
0,0.19111
0,0.19124
0,0.19125
0,0.19136
0,0.19164
0,0.19165
0,0.19169
0,0.19189
0,0.1919
0,0.19196
0,0.19227
0,0.19236
0,0.19245
0,0.19246
0,0.19271
0,0.19279
0,0.19284
0,0.19325
0,0.19331
0,0.19336
0,0.19359
0,0.19366
0,0.19409
0,0.19416
0,0.19431
0,0.19433
0,0.19475
0,0.1948
0,0.195
0,0.19508
0,0.19537
0,0.1954
0,0.19562
0,0.19567
0,0.19573
0,0.19576
0,0.19578
0,0.19589
0,0.19603
0,0.19774
0,0.19792
0,0.19821
0,0.19825
0,0.19835
0,0.19841
0,0.19847
0,0.19869
0,0.19871
0,0.19895
0,0.19898
0,0.1991
0,0.19955
0,0.19975
0,0.19994
0,0.20004
0,0.20025
0,0.20069
0,0.20073
0,0.20081
0,0.20115
0,0.20116
0,0.20127
0,0.20131
0,0.20152
0,0.20158
0,0.20169
0,0.20195
0,0.20214
0,0.20223
0,0.20229
0,0.2024
0,0.20358
0,0.20371
0,0.20411
0,0.20423
0,0.20429
0,0.20433
0,0.20459
0,0.20467
0,0.20471
0,0.20489
0,0.20493
0,0.205
0,0.20505
0,0.20538
0,0.20568
0,0.20575
0,0.20584
0,0.20622
0,0.20644
0,0.20656
0,0.20696
0,0.20702
0,0.20706
0,0.20745
0,0.20761
0,0.20792
0,0.20831
0,0.20842
0,0.20872
0,0.20896
0,0.20905
0,0.20965
0,0.20968
0,0.21
0,0.21028
0,0.21045
0,0.21046
0,0.21091
0,0.2114
0,0.21141
0,0.21162
0,0.21175
0,0.21189
0,0.21227
0,0.21263
0,0.21269
0,0.21275
0,0.21285
0,0.21302
0,0.21303
0,0.21309
0,0.21325
0,0.2133
0,0.21342
0,0.21368
0,0.21406
0,0.21407
0,0.21415
0,0.21473
0,0.21502
0,0.21591
0,0.21597
0,0.21608
0,0.21617
0,0.21626
0,0.21666
0,0.21716
0,0.21727
0,0.21731
0,0.21741
0,0.21764
0,0.21768
0,0.2177
0,0.2179
0,0.21811
0,0.21817
0,0.21843
0,0.21848
0,0.21886
0,0.21887
0,0.21898
0,0.21899
0,0.21948
0,0.21982
0,0.21998
0,0.22048
0,0.22051
0,0.22068
0,0.22095
0,0.22098
0,0.22128
0,0.22133
0,0.22178
0,0.22187
0,0.22194
0,0.22214
0,0.22216
0,0.22228
0,0.22277
0,0.22304
0,0.22314
0,0.22338
0,0.22358
0,0.22476
0,0.22519
0,0.22524
0,0.22526
0,0.22543
0,0.22556
0,0.22561
0,0.22562
0,0.22567
0,0.22573
0,0.2261
0,0.22638
0,0.22651
0,0.22665
0,0.22666
0,0.22697
0,0.22759
0,0.22772
0,0.22782
0,0.22783
0,0.22804
0,0.22806
0,0.2281
0,0.22813
0,0.22833
0,0.22839
0,0.229
0,0.22905
0,0.22919
0,0.22942
0,0.22975
0,0.22982
0,0.2303
0,0.23049
0,0.23062
0,0.2308
0,0.23215
0,0.23288
0,0.23289
0,0.2329
0,0.23301
0,0.23313
0,0.23332
0,0.23336
0,0.23339
0,0.23356
0,0.23374
0,0.23466
0,0.23472
0,0.2348
0,0.23493
0,0.23525
0,0.23568
0,0.23603
0,0.23609
0,0.23616
0,0.23619
0,0.23621
0,0.23624
0,0.23626
0,0.23636
0,0.23644
0,0.23654
0,0.23678
0,0.23681
0,0.23685
0,0.23696
0,0.23756
0,0.23771
0,0.23791
0,0.23819
0,0.23842
0,0.23877
0,0.23879
0,0.23892
0,0.23901
0,0.23912
0,0.23961
0,0.23968
0,0.24005
0,0.24008
0,0.24087
0,0.24101
0,0.24104
0,0.24164
0,0.24202
0,0.2427
0,0.24277
0,0.24278
0,0.24309
0,0.24386
0,0.2442
0,0.24424
0,0.2443
0,0.24442
0,0.24443
0,0.24466
0,0.24478
0,0.24502
0,0.24517
0,0.24567
0,0.24578
0,0.24581
0,0.24591
0,0.24593
0,0.24594
0,0.24614
0,0.24617
0,0.24618
0,0.24638
0,0.24645
0,0.24665
0,0.24671
0,0.24696
0,0.247
0,0.24718
0,0.24747
0,0.24758
0,0.24796
0,0.24829
0,0.24862
0,0.2488
0,0.24881
0,0.24923
0,0.2494
0,0.24949
0,0.24966
0,0.24978
0,0.24994
0,0.25031
0,0.25044
0,0.25062
0,0.25072
0,0.25089
0,0.25101
0,0.25107
0,0.25132
0,0.25148
0,0.25161
0,0.25182
0,0.25193
0,0.25231
0,0.25252
0,0.2526
0,0.2527
0,0.25289
0,0.25295
0,0.25324
0,0.25327
0,0.25336
0,0.25356
0,0.25384
0,0.25402
0,0.25406
0,0.25427
0,0.25454
0,0.25478
0,0.25496
0,0.25504
0,0.25541
0,0.25581
0,0.25598
0,0.25668
0,0.25678
0,0.25691
0,0.25696
0,0.25704
0,0.25715
0,0.25742
0,0.25757
0,0.25791
0,0.2581
0,0.25816
0,0.2582
0,0.25848
0,0.2588
0,0.25882
0,0.25893
0,0.2592
0,0.25964
0,0.25967
0,0.26014
0,0.26051
0,0.26058
0,0.26059
0,0.2607
0,0.26071
0,0.26094
0,0.26104
0,0.2612
0,0.26146
0,0.26159
0,0.26167
0,0.26186
0,0.2621
0,0.26226
0,0.26269
0,0.26271
0,0.26281
0,0.26299
0,0.26312
0,0.26333
0,0.26363
0,0.26383
0,0.26399
0,0.26401
0,0.26412
0,0.26436
0,0.26445
0,0.26492
0,0.26545
0,0.26552
0,0.26566
0,0.26602
0,0.2661
0,0.26614
0,0.26624
0,0.26674
0,0.26702
0,0.26713
0,0.26728
0,0.26729
0,0.26738
0,0.26739
0,0.26746
0,0.26818
0,0.26827
0,0.26837
0,0.26839
0,0.26845
0,0.26872
0,0.26908
0,0.26909
0,0.26911
0,0.26947
0,0.26976
0,0.27046
0,0.27086
0,0.27102
0,0.27112
0,0.27163
0,0.27184
0,0.27204
0,0.27206
0,0.27209
0,0.27334
0,0.27337
0,0.27369
0,0.27376
0,0.27447
0,0.27461
0,0.27499
0,0.27503
0,0.27517
0,0.27526
0,0.27571
0,0.27579
0,0.27596
0,0.27603
0,0.2763
0,0.27652
0,0.27666
0,0.27672
0,0.2771
0,0.27723
0,0.2774
0,0.27849
0,0.27867
0,0.2789
0,0.27898
0,0.279
0,0.27909
0,0.27918
0,0.27931
0,0.27955
0,0.27969
0,0.27988
0,0.28031
0,0.28129
0,0.28202
0,0.28227
0,0.28242
0,0.28262
0,0.28292
0,0.28319
0,0.28324
0,0.2833
0,0.28337
0,0.28348
0,0.28389
0,0.28421
0,0.28427
0,0.28464
0,0.28469
0,0.28485
0,0.28529
0,0.28551
0,0.28583
0,0.28589
0,0.28593
0,0.28649
0,0.2866
0,0.28686
0,0.28701
0,0.28718
0,0.28727
0,0.28729
0,0.28736
0,0.28737
0,0.28742
0,0.28788
0,0.28802
0,0.28831
0,0.28855
0,0.28869
0,0.2887
0,0.28876
0,0.28918
0,0.28949
0,0.28972
0,0.29061
0,0.29076
0,0.29106
0,0.2912
0,0.29133
0,0.29137
0,0.2916
0,0.29189
0,0.29248
0,0.29249
0,0.29279
0,0.29307
0,0.29351
0,0.29389
0,0.29417
0,0.2943
0,0.29445
0,0.29487
0,0.29488
0,0.29513
0,0.29517
0,0.2952
0,0.29603
0,0.29605
0,0.297
0,0.29713
0,0.2972
0,0.29726
0,0.29782
0,0.29813
0,0.29822
0,0.29831
0,0.29846
0,0.2987
0,0.29898
0,0.29911
0,0.29933
0,0.29955
0,0.29969
0,0.29985
0,0.29993
0,0.30006
0,0.30014
0,0.30053
0,0.30087
0,0.3009
0,0.301
0,0.3011
0,0.30133
0,0.30136
0,0.30152
0,0.30154
0,0.30175
0,0.3018
0,0.30198
0,0.30201
0,0.30202
0,0.30215
0,0.30241
0,0.30251
0,0.30335
0,0.30355
0,0.30378
0,0.3038
0,0.30393
0,0.30448
0,0.30451
0,0.30523
0,0.30532
0,0.30545
0,0.30557
0,0.30562
0,0.30582
0,0.30584
0,0.30689
0,0.3075
0,0.30771
0,0.30787
0,0.30791
0,0.30795
0,0.30801
0,0.30832
0,0.30855
0,0.30857
0,0.30879
0,0.30916
0,0.30926
0,0.30948
0,0.3095
0,0.30966
0,0.30972
0,0.30979
0,0.30983
0,0.31026
0,0.31053
0,0.31096
0,0.31121
0,0.31138
0,0.31143
0,0.31191
0,0.31198
0,0.31202
0,0.31227
0,0.31267
0,0.31283
0,0.31307
0,0.31334
0,0.3135
0,0.31383
0,0.31429
0,0.31436
0,0.31443
0,0.31468
0,0.31508
0,0.31525
0,0.31549
0,0.31564
0,0.3157
0,0.31578
0,0.3158
0,0.31653
0,0.31674
0,0.31689
0,0.31695
0,0.317
0,0.31711
0,0.31728
0,0.31738
0,0.3177
0,0.31806
0,0.31815
0,0.31842
0,0.31866
0,0.31923
0,0.31996
0,0.32006
0,0.32055
0,0.32064
0,0.32065
0,0.32101
0,0.32105
0,0.32121
0,0.3214
0,0.32169
0,0.32176
0,0.32186
0,0.32211
0,0.32223
0,0.32234
0,0.32236
0,0.32242
0,0.32246
0,0.32263
0,0.32267
0,0.3231
0,0.32312
0,0.32358
0,0.32374
0,0.32387
0,0.32413
0,0.32429
0,0.32436
0,0.32439
0,0.32452
0,0.3247
0,0.32496
0,0.32509
0,0.3251
0,0.32525
0,0.32584
0,0.32604
0,0.32626
0,0.32645
0,0.3265
0,0.32655
0,0.32663
0,0.32688
0,0.32691
0,0.32694
0,0.3272
0,0.32761
0,0.32783
0,0.32804
0,0.3282
0,0.32851
0,0.32895
0,0.32929
0,0.32937
0,0.32941
0,0.32946
0,0.32991
0,0.32998
0,0.32999
0,0.33022
0,0.33055
0,0.33069
0,0.33071
0,0.33074
0,0.33078
0,0.33084
0,0.33109
0,0.33119
0,0.33121
0,0.33123
0,0.33136
0,0.33139
0,0.33169
0,0.33206
0,0.33208
0,0.33244
0,0.33266
0,0.33269
0,0.33282
0,0.33285
0,0.33292
0,0.33323
0,0.33325
0,0.33355
0,0.33375
0,0.33392
0,0.33435
0,0.33437
0,0.33442
0,0.33443
0,0.33449
0,0.33451
0,0.33489
0,0.3349
0,0.33491
0,0.33506
0,0.3352
0,0.33524
0,0.33552
0,0.33597
0,0.336
0,0.33609
0,0.33624
0,0.33652
0,0.33656
0,0.33679
0,0.33703
0,0.33765
0,0.33774
0,0.33825
0,0.33836
0,0.33877
0,0.33889
0,0.33891
0,0.33949
0,0.33971
0,0.33998
0,0.34012
0,0.34036
0,0.34057
0,0.34065
0,0.34073
0,0.34105
0,0.3411
0,0.34112
0,0.3412
0,0.34124
0,0.34126
0,0.34144
0,0.34148
0,0.3415
0,0.34155
0,0.34163
0,0.34174
0,0.34186
0,0.34215
0,0.34216
0,0.34229
0,0.3429
0,0.34292
0,0.34328
0,0.34362
0,0.34404
0,0.34461
0,0.34489
0,0.34491
0,0.34496
0,0.34497
0,0.34512
0,0.34514
0,0.34554
0,0.34559
0,0.34569
0,0.34573
0,0.34603
0,0.34614
0,0.3463
0,0.34632
0,0.34633
0,0.34648
0,0.34658
0,0.3466
0,0.34678
0,0.3471
0,0.34724
0,0.34729
0,0.34736
0,0.34745
0,0.34782
0,0.34786
0,0.34795
0,0.34814
0,0.3482
0,0.34826
0,0.34832
0,0.34838
0,0.34845
0,0.34854
0,0.34856
0,0.34862
0,0.34883
0,0.34889
0,0.34893
0,0.34912
0,0.34917
0,0.3494
0,0.34957
0,0.34959
0,0.3496
0,0.35068
0,0.3507
0,0.35081
0,0.35107
0,0.35119
0,0.35159
0,0.35186
0,0.35187
0,0.35192
0,0.35199
0,0.35235
0,0.35237
0,0.35243
0,0.35321
0,0.35353
0,0.35357
0,0.35368
0,0.35441
0,0.35443
0,0.35468
0,0.3551
0,0.35511
0,0.35514
0,0.35531
0,0.35538
0,0.35551
0,0.35568
0,0.3562
0,0.35626
0,0.35656
0,0.35691
0,0.35702
0,0.35712
0,0.35728
0,0.35732
0,0.35787
0,0.35799
0,0.35815
0,0.35825
0,0.35832
0,0.3586
0,0.35887
0,0.3593
0,0.35936
0,0.35985
0,0.35987
0,0.36054
0,0.3607
0,0.36091
0,0.36112
0,0.3614
0,0.36153
0,0.36156
0,0.36163
0,0.3627
0,0.36308
0,0.36322
0,0.36348
0,0.3635
0,0.36385
0,0.36412
0,0.36431
0,0.36472
0,0.36511
0,0.3653
0,0.36562
0,0.36581
0,0.36609
0,0.36667
0,0.36671
0,0.36787
0,0.36791
0,0.36792
0,0.36799
0,0.36808
0,0.3681
0,0.36819
0,0.3682
0,0.36848
0,0.36869
0,0.3687
0,0.36877
0,0.36918
0,0.36965
0,0.36978
0,0.36991
0,0.37004
0,0.37118
0,0.37165
0,0.3718
0,0.37185
0,0.37186
0,0.3719
0,0.37257
0,0.37273
0,0.37283
0,0.37309
0,0.37315
0,0.37332
0,0.37344
0,0.37346
0,0.37368
0,0.37375
0,0.37376
0,0.37403
0,0.37441
0,0.37455
0,0.37456
0,0.37483
0,0.3749
0,0.37506
0,0.37541
0,0.37542
0,0.37558
0,0.37602
0,0.37665
0,0.37678
0,0.37772
0,0.37777
0,0.37795
0,0.37851
0,0.37867
0,0.37893
0,0.37903
0,0.37908
0,0.37927
0,0.37964
0,0.38044
0,0.38062
0,0.38067
0,0.38109
0,0.38176
0,0.38186
0,0.3819
0,0.38191
0,0.38201
0,0.38267
0,0.3827
0,0.38289
0,0.38321
0,0.38351
0,0.38374
0,0.38397
0,0.38398
0,0.38414
0,0.38417
0,0.38464
0,0.38466
0,0.3847
0,0.38546
0,0.38582
0,0.38589
0,0.38599
0,0.38663
0,0.38692
0,0.38693
0,0.38699
0,0.38718
0,0.38737
0,0.38795
0,0.388
0,0.38803
0,0.38835
0,0.38869
0,0.38874
0,0.38921
0,0.38944
0,0.38954
0,0.38977
0,0.38995
0,0.39004
0,0.39025
0,0.39027
0,0.39038
0,0.3904
0,0.39052
0,0.39053
0,0.39062
0,0.39069
0,0.39085
0,0.39091
0,0.39092
0,0.39121
0,0.39146
0,0.39153
0,0.3918
0,0.39181
0,0.39185
0,0.39189
0,0.39231
0,0.39286
0,0.39312
0,0.39358
0,0.39388
0,0.39407
0,0.39429
0,0.39447
0,0.39462
0,0.39469
0,0.39477
0,0.39489
0,0.39503
0,0.39533
0,0.3959
0,0.39593
0,0.396
0,0.39611
0,0.39612
0,0.39616
0,0.39655
0,0.39681
0,0.39707
0,0.39719
0,0.39744
0,0.39748
0,0.39775
0,0.39808
0,0.39845
0,0.39859
0,0.39864
0,0.39953
0,0.40033
0,0.40053
0,0.40083
0,0.4011
0,0.4012
0,0.40127
0,0.40129
0,0.40131
0,0.40138
0,0.40139
0,0.40169
0,0.40185
0,0.40223
0,0.40237
0,0.4025
0,0.40283
0,0.40333
0,0.4034
0,0.40343
0,0.40348
0,0.40376
0,0.40386
0,0.40387
0,0.404
0,0.40401
0,0.40474
0,0.40511
0,0.40548
0,0.40574
0,0.40596
0,0.40636
0,0.4064
0,0.40652
0,0.40755
0,0.40766
0,0.40802
0,0.40804
0,0.40831
0,0.40858
0,0.40869
0,0.40895
0,0.40901
0,0.40911
0,0.40943
0,0.40946
0,0.40988
0,0.41051
0,0.41061
0,0.41063
0,0.41071
0,0.41096
0,0.41119
0,0.41123
0,0.4118
0,0.41192
0,0.41213
0,0.41218
0,0.41224
0,0.41267
0,0.41283
0,0.4129
0,0.41299
0,0.41309
0,0.41314
0,0.41331
0,0.41353
0,0.41364
0,0.41377
0,0.41396
0,0.4143
0,0.41436
0,0.41466
0,0.41474
0,0.41478
0,0.41479
0,0.41513
0,0.41522
0,0.41528
0,0.41546
0,0.41571
0,0.41593
0,0.41596
0,0.41609
0,0.41615
0,0.4164
0,0.41667
0,0.41668
0,0.41681
0,0.41692
0,0.41712
0,0.41724
0,0.41733
0,0.41734
0,0.41771
0,0.41772
0,0.41781
0,0.41799
0,0.418
0,0.41828
0,0.41847
0,0.4185
0,0.41859
0,0.41867
0,0.41872
0,0.41898
0,0.4196
0,0.42081
0,0.42099
0,0.42111
0,0.42115
0,0.42119
0,0.42146
0,0.4217
0,0.42181
0,0.42193
0,0.42202
0,0.42261
0,0.4228
0,0.42331
0,0.42394
0,0.42397
0,0.42408
0,0.4243
0,0.42438
0,0.42442
0,0.42463
0,0.42466
0,0.42506
0,0.42516
0,0.42548
0,0.42588
0,0.42637
0,0.42656
0,0.42657
0,0.42685
0,0.42736
0,0.42746
0,0.42754
0,0.42787
0,0.428
0,0.4282
0,0.42836
0,0.42841
0,0.42851
0,0.42852
0,0.42874
0,0.42899
0,0.42907
0,0.42925
0,0.42938
0,0.42943
0,0.42964
0,0.43054
0,0.43061
0,0.43064
0,0.43066
0,0.43102
0,0.43105
0,0.43121
0,0.43127
0,0.4315
0,0.43161
0,0.43166
0,0.43186
0,0.4322
0,0.43237
0,0.43238
0,0.43262
0,0.43293
0,0.43295
0,0.43311
0,0.43316
0,0.43335
0,0.43349
0,0.43515
0,0.43516
0,0.43527
0,0.43574
0,0.43654
0,0.43657
0,0.43662
0,0.43665
0,0.43668
0,0.43685
0,0.43713
0,0.43719
0,0.4372
0,0.43741
0,0.43748
0,0.43782
0,0.43784
0,0.43791
0,0.43795
0,0.43812
0,0.43813
0,0.43824
0,0.43841
0,0.43874
0,0.43885
0,0.43897
0,0.43906
0,0.43913
0,0.43944
0,0.43975
0,0.43989
0,0.4401
0,0.44034
0,0.44038
0,0.44043
0,0.44058
0,0.44067
0,0.44093
0,0.44097
0,0.44099
0,0.44107
0,0.44117
0,0.44133
0,0.44156
0,0.44192
0,0.44215
0,0.44227
0,0.44235
0,0.44269
0,0.44275
0,0.44283
0,0.44326
0,0.4433
0,0.44341
0,0.44392
0,0.44395
0,0.44403
0,0.44404
0,0.44425
0,0.44428
0,0.44437
0,0.44464
0,0.44488
0,0.44528
0,0.44548
0,0.4456
0,0.44568
0,0.44611
0,0.44641
0,0.44645
0,0.44661
0,0.44678
0,0.44814
0,0.44817
0,0.44818
0,0.44837
0,0.44877
0,0.44899
0,0.44916
0,0.44935
0,0.44939
0,0.44999
0,0.45002
0,0.45009
0,0.45056
0,0.45091
0,0.45201
0,0.45202
0,0.45207
0,0.45222
0,0.45232
0,0.45235
0,0.4524
0,0.45312
0,0.45328
0,0.45381
0,0.45395
0,0.45458
0,0.4549
0,0.45491
0,0.45503
0,0.4551
0,0.4552
0,0.45526
0,0.45539
0,0.45581
0,0.45585
0,0.45591
0,0.45595
0,0.45605
0,0.45643
0,0.45651
0,0.45655
0,0.4566
0,0.45686
0,0.45694
0,0.45734
0,0.45738
0,0.45744
0,0.45748
0,0.45752
0,0.45774
0,0.45795
0,0.45811
0,0.45822
0,0.4584
0,0.45867
0,0.45892
0,0.45905
0,0.45924
0,0.45933
0,0.4595
0,0.45951
0,0.45954
0,0.45967
0,0.45998
0,0.46042
0,0.46053
0,0.46059
0,0.46067
0,0.46073
0,0.46091
0,0.46095
0,0.46107
0,0.46112
0,0.46116
0,0.46159
0,0.46185
0,0.46186
0,0.4622
0,0.46281
0,0.46297
0,0.46306
0,0.46311
0,0.46312
0,0.46318
0,0.46364
0,0.46368
0,0.46379
0,0.46393
0,0.46395
0,0.46396
0,0.4645
0,0.4646
0,0.4648
0,0.46489
0,0.4649
0,0.46498
0,0.46542
0,0.46601
0,0.46612
0,0.46615
0,0.46665
0,0.46677
0,0.46712
0,0.46716
0,0.46744
0,0.46749
0,0.4677
0,0.46772
0,0.4679
0,0.46799
0,0.4682
0,0.46832
0,0.46833
0,0.46873
0,0.46893
0,0.46934
0,0.46936
0,0.46956
0,0.46973
0,0.46981
0,0.47094
0,0.471
0,0.47128
0,0.47145
0,0.47153
0,0.47162
0,0.47171
0,0.47181
0,0.47202
0,0.47228
0,0.47249
0,0.47277
0,0.47289
0,0.47337
0,0.47401
0,0.47413
0,0.47415
0,0.4746
0,0.47464
0,0.47486
0,0.47494
0,0.47498
0,0.47506
0,0.47527
0,0.47546
0,0.47617
0,0.47663
0,0.47664
0,0.47708
0,0.47722
0,0.47805
0,0.4783
0,0.47839
0,0.47842
0,0.47919
0,0.47923
0,0.47924
0,0.47937
0,0.47946
0,0.47965
0,0.48015
0,0.48033
0,0.48043
0,0.48073
0,0.48077
0,0.48089
0,0.48149
0,0.48183
0,0.48204
0,0.48205
0,0.48257
0,0.48262
0,0.48269
0,0.48312
0,0.48339
0,0.48368
0,0.48421
0,0.48476
0,0.48478
0,0.48496
0,0.48499
0,0.48513
0,0.48527
0,0.48556
0,0.48583
0,0.48585
0,0.48596
0,0.48654
0,0.48655
0,0.48682
0,0.48717
0,0.48748
0,0.48763
0,0.4881
0,0.48868
0,0.48894
0,0.48946
0,0.48964
0,0.48966
0,0.48971
0,0.48974
0,0.48976
0,0.48981
0,0.49002
0,0.49012
0,0.49014
0,0.49018
0,0.49032
0,0.49041
0,0.49113
0,0.49129
0,0.49134
0,0.4914
0,0.49206
0,0.49221
0,0.49223
0,0.49244
0,0.49254
0,0.49273
0,0.49284
0,0.49315
0,0.49361
0,0.49365
0,0.49368
0,0.49371
0,0.49382
0,0.49413
0,0.49449
0,0.49451
0,0.49457
0,0.49481
0,0.49484
0,0.49505
0,0.49525
0,0.49532
0,0.4954
0,0.49548
0,0.49553
0,0.49564
0,0.49566
0,0.49567
0,0.49597
0,0.49642
0,0.49689
0,0.49732
0,0.49742
0,0.49746
0,0.4975
0,0.49757
0,0.49758
0,0.49787
0,0.49801
0,0.49874
0,0.49941
0,0.49943
0,0.49951
0,0.50016
0,0.50026
0,0.50028
0,0.5005
0,0.50053
0,0.50061
0,0.50064
0,0.50219
0,0.50259
0,0.50268
0,0.50293
0,0.50314
0,0.50325
0,0.50398
0,0.50432
0,0.50434
0,0.50452
0,0.50463
0,0.50484
0,0.50492
0,0.50499
0,0.50525
0,0.50529
0,0.50544
0,0.50563
0,0.50606
0,0.50609
0,0.50616
0,0.50642
0,0.50653
0,0.50672
0,0.50678
0,0.50706
0,0.50757
0,0.50761
0,0.50808
0,0.50812
0,0.50819
0,0.50822
0,0.50857
0,0.50867
0,0.50923
0,0.50932
0,0.50934
0,0.50957
0,0.50982
0,0.50993
0,0.51016
0,0.51052
0,0.51064
0,0.5107
0,0.51086
0,0.51102
0,0.51135
0,0.5116
0,0.51213
0,0.51216
0,0.51231
0,0.51257
0,0.51266
0,0.513
0,0.51306
0,0.51309
0,0.51322
0,0.51329
0,0.5135
0,0.51362
0,0.51364
0,0.51376
0,0.51391
0,0.51398
0,0.51401
0,0.51413
0,0.51435
0,0.51546
0,0.51573
0,0.51601
0,0.51647
0,0.51701
0,0.51716
0,0.51759
0,0.51811
0,0.51819
0,0.5183
0,0.51922
0,0.51954
0,0.51979
0,0.52015
0,0.52064
0,0.52078
0,0.52091
0,0.52112
0,0.52127
0,0.52134
0,0.52161
0,0.52169
0,0.52189
0,0.52207
0,0.52216
0,0.52222
0,0.52245
0,0.52247
0,0.52364
0,0.52379
0,0.52396
0,0.52407
0,0.52413
0,0.52433
0,0.52466
0,0.52479
0,0.52543
0,0.52547
0,0.52552
0,0.52553
0,0.52556
0,0.52558
0,0.52589
0,0.52626
0,0.5263
0,0.52643
0,0.52696
0,0.52717
0,0.52725
0,0.52757
0,0.52778
0,0.52802
0,0.52824
0,0.52831
0,0.52864
0,0.52869
0,0.52875
0,0.52879
0,0.52886
0,0.52902
0,0.52937
0,0.52944
0,0.52958
0,0.52976
0,0.53007
0,0.5302
0,0.53028
0,0.53049
0,0.53055
0,0.53071
0,0.53104
0,0.53117
0,0.53142
0,0.5315
0,0.53163
0,0.53173
0,0.53183
0,0.53195
0,0.53222
0,0.53249
0,0.53255
0,0.53257
0,0.53265
0,0.53282
0,0.53289
0,0.5333
0,0.5337
0,0.53384
0,0.5339
0,0.53403
0,0.53411
0,0.53465
0,0.53518
0,0.53527
0,0.53545
0,0.53556
0,0.53584
0,0.53624
0,0.53655
0,0.53683
0,0.53701
0,0.53703
0,0.53719
0,0.53732
0,0.53775
0,0.53794
0,0.5382
0,0.53843
0,0.53854
0,0.53855
0,0.53866
0,0.53869
0,0.53871
0,0.53889
0,0.53906
0,0.53913
0,0.53933
0,0.53955
0,0.53969
0,0.53993
0,0.54007
0,0.54014
0,0.5406
0,0.54076
0,0.54159
0,0.54182
0,0.54202
0,0.5424
0,0.54267
0,0.54272
0,0.54338
0,0.54359
0,0.54383
0,0.54417
0,0.54435
0,0.54465
0,0.54492
0,0.54513
0,0.54542
0,0.54547
0,0.54548
0,0.54561
0,0.54588
0,0.54604
0,0.54608
0,0.5461
0,0.54679
0,0.54694
0,0.54699
0,0.54727
0,0.54737
0,0.54787
0,0.54798
0,0.54807
0,0.54812
0,0.54844
0,0.54845
0,0.54871
0,0.54899
0,0.54902
0,0.54909
0,0.54935
0,0.54946
0,0.54948
0,0.54952
0,0.5496
0,0.54963
0,0.5498
0,0.54988
0,0.55
0,0.55007
0,0.55039
0,0.55074
0,0.55085
0,0.55099
0,0.5511
0,0.55165
0,0.55166
0,0.55193
0,0.55209
0,0.55224
0,0.55248
0,0.55287
0,0.55307
0,0.5536
0,0.55373
0,0.55376
0,0.55385
0,0.55457
0,0.55462
0,0.55467
0,0.5547
0,0.55486
0,0.55499
0,0.5551
0,0.55511
0,0.55513
0,0.55514
0,0.55515
0,0.5552
0,0.55544
0,0.55554
0,0.55618
0,0.55655
0,0.55676
0,0.55678
0,0.5568
0,0.55689
0,0.55692
0,0.55695
0,0.557
0,0.55707
0,0.55755
0,0.55764
0,0.55782
0,0.55794
0,0.55823
0,0.55834
0,0.55849
0,0.55856
0,0.55857
0,0.55867
0,0.55889
0,0.55896
0,0.55911
0,0.5592
0,0.55931
0,0.55983
0,0.55985
0,0.55986
0,0.55996
0,0.56032
0,0.56048
0,0.56056
0,0.56162
0,0.56174
0,0.56189
0,0.56202
0,0.56208
0,0.56212
0,0.56219
0,0.56295
0,0.56358
0,0.56376
0,0.5641
0,0.5645
0,0.5647
0,0.56499
0,0.56501
0,0.56525
0,0.56531
0,0.5654
0,0.56542
0,0.56551
0,0.56564
0,0.56565
0,0.5658
0,0.56595
0,0.56597
0,0.56613
0,0.56622
0,0.56629
0,0.56663
0,0.56735
0,0.56736
0,0.56744
0,0.56758
0,0.56765
0,0.5677
0,0.56773
0,0.56774
0,0.56777
0,0.56782
0,0.56783
0,0.56786
0,0.56789
0,0.56794
0,0.56834
0,0.56842
0,0.56852
0,0.56856
0,0.56878
0,0.56888
0,0.56892
0,0.56927
0,0.56928
0,0.56936
0,0.56969
0,0.56982
0,0.56985
0,0.5707
0,0.57077
0,0.57089
0,0.57115
0,0.57125
0,0.57129
0,0.57135
0,0.57136
0,0.57139
0,0.5714
0,0.57193
0,0.57199
0,0.57216
0,0.57233
0,0.57235
0,0.5726
0,0.5727
0,0.57274
0,0.57301
0,0.57362
0,0.5737
0,0.57407
0,0.57438
0,0.57446
0,0.57447
0,0.57468
0,0.57474
0,0.5753
0,0.57533
0,0.57544
0,0.57611
0,0.57637
0,0.57668
0,0.57671
0,0.57674
0,0.57675
0,0.57694
0,0.57711
0,0.57727
0,0.57775
0,0.57785
0,0.57804
0,0.57837
0,0.57847
0,0.57856
0,0.57878
0,0.57902
0,0.57903
0,0.57923
0,0.57997
0,0.58002
0,0.58012
0,0.58013
0,0.58018
0,0.58057
0,0.58071
0,0.58099
0,0.58114
0,0.58126
0,0.58131
0,0.58134
0,0.58139
0,0.5814
0,0.58142
0,0.58204
0,0.58233
0,0.58238
0,0.58241
0,0.58302
0,0.58303
0,0.58313
0,0.58323
0,0.58326
0,0.58348
0,0.5835
0,0.58351
0,0.58356
0,0.58359
0,0.58372
0,0.58399
0,0.5842
0,0.58427
0,0.58429
0,0.58445
0,0.58456
0,0.58474
0,0.58475
0,0.58514
0,0.58538
0,0.58544
0,0.58563
0,0.58566
0,0.58582
0,0.58593
0,0.58604
0,0.58611
0,0.58636
0,0.58655
0,0.5871
0,0.58775
0,0.58813
0,0.58892
0,0.58917
0,0.58926
0,0.5894
0,0.58941
0,0.59068
0,0.59082
0,0.5909
0,0.59099
0,0.59123
0,0.59153
0,0.59162
0,0.59173
0,0.59176
0,0.592
0,0.59212
0,0.59232
0,0.59242
0,0.59253
0,0.59254
0,0.59256
0,0.59259
0,0.59263
0,0.5932
0,0.59322
0,0.59327
0,0.5933
0,0.59331
0,0.5935
0,0.59365
0,0.59368
0,0.59373
0,0.59432
0,0.59434
0,0.59495
0,0.59559
0,0.5959
0,0.59618
0,0.59635
0,0.59637
0,0.59667
0,0.59687
0,0.59712
0,0.59714
0,0.5976
0,0.59773
0,0.59777
0,0.59792
0,0.59802
0,0.59816
0,0.59838
0,0.59841
0,0.5994
0,0.59942
0,0.59966
0,0.59983
0,0.60007
0,0.60011
0,0.6002
0,0.60025
0,0.6004
0,0.6007
0,0.60079
0,0.60098
0,0.60128
0,0.60221
0,0.60238
0,0.60254
0,0.60274
0,0.60336
0,0.6036
0,0.604
0,0.60444
0,0.60463
0,0.60479
0,0.60484
0,0.60492
0,0.60508
0,0.60524
0,0.60598
0,0.6064
0,0.60665
0,0.60667
0,0.60672
0,0.60676
0,0.60688
0,0.60693
0,0.60702
0,0.60715
0,0.60733
0,0.60738
0,0.60747
0,0.60751
0,0.60761
0,0.60776
0,0.60782
0,0.60788
0,0.60789
0,0.60809
0,0.60836
0,0.60852
0,0.60866
0,0.6087
0,0.60918
0,0.60925
0,0.60954
0,0.60971
0,0.60972
0,0.6099
0,0.60993
0,0.61011
0,0.6102
0,0.61029
0,0.61054
0,0.61061
0,0.61079
0,0.61097
0,0.61099
0,0.61123
0,0.61152
0,0.61163
0,0.61169
0,0.61176
0,0.6118
0,0.61182
0,0.612
0,0.61205
0,0.61206
0,0.61215
0,0.6123
0,0.61242
0,0.61253
0,0.61255
0,0.61258
0,0.61314
0,0.61325
0,0.61345
0,0.6136
0,0.61385
0,0.61436
0,0.61503
0,0.61516
0,0.61538
0,0.61561
0,0.61598
0,0.61606
0,0.61609
0,0.61626
0,0.61637
0,0.61639
0,0.6164
0,0.61646
0,0.61688
0,0.61694
0,0.61696
0,0.61726
0,0.61729
0,0.61752
0,0.61762
0,0.61797
0,0.61819
0,0.61826
0,0.61835
0,0.61867
0,0.61897
0,0.6192
0,0.61964
0,0.61981
0,0.61986
0,0.6199
0,0.61992
0,0.62006
0,0.62013
0,0.62049
0,0.62052
0,0.62057
0,0.62097
0,0.62106
0,0.62129
0,0.62142
0,0.62159
0,0.62163
0,0.62216
0,0.62252
0,0.62272
0,0.62324
0,0.6237
0,0.62389
0,0.62396
0,0.62434
0,0.62448
0,0.6245
0,0.62475
0,0.62494
0,0.62497
0,0.62499
0,0.62532
0,0.62545
0,0.62584
0,0.62608
0,0.6268
0,0.62682
0,0.62729
0,0.62755
0,0.62765
0,0.62776
0,0.628
0,0.62832
0,0.62848
0,0.62864
0,0.6288
0,0.629
0,0.62903
0,0.62909
0,0.6293
0,0.62938
0,0.6294
0,0.63002
0,0.63019
0,0.6302
0,0.63022
0,0.63025
0,0.63029
0,0.63049
0,0.63146
0,0.63158
0,0.63172
0,0.63192
0,0.63335
0,0.63359
0,0.63365
0,0.63368
0,0.63386
0,0.63399
0,0.63463
0,0.63485
0,0.63495
0,0.63496
0,0.63498
0,0.63517
0,0.63531
0,0.63532
0,0.63535
0,0.63545
0,0.63548
0,0.63555
0,0.63582
0,0.63584
0,0.63608
0,0.63622
0,0.63665
0,0.63718
0,0.63722
0,0.63731
0,0.63744
0,0.63769
0,0.63774
0,0.63803
0,0.63807
0,0.6382
0,0.63828
0,0.6383
0,0.63838
0,0.63863
0,0.63864
0,0.63866
0,0.6389
0,0.63892
0,0.63902
0,0.63903
0,0.63907
0,0.63931
0,0.63963
0,0.63972
0,0.63976
0,0.6403
0,0.64032
0,0.6415
0,0.64237
0,0.64238
0,0.64245
0,0.64275
0,0.64298
0,0.643
0,0.64321
0,0.6433
0,0.64334
0,0.64376
0,0.6438
0,0.64396
0,0.64491
0,0.64618
0,0.64667
0,0.64686
0,0.64721
0,0.64732
0,0.64739
0,0.6475
0,0.64751
0,0.64762
0,0.64773
0,0.6478
0,0.64813
0,0.64816
0,0.64848
0,0.64879
0,0.64891
0,0.64892
0,0.64893
0,0.64921
0,0.64931
0,0.64934
0,0.64974
0,0.64984
0,0.64995
0,0.6503
0,0.6504
0,0.65043
0,0.65053
0,0.65061
0,0.65071
0,0.65097
0,0.65113
0,0.65124
0,0.65129
0,0.65131
0,0.65153
0,0.65188
0,0.65193
0,0.65242
0,0.65249
0,0.65285
0,0.65316
0,0.65324
0,0.65332
0,0.65379
0,0.65383
0,0.65388
0,0.65397
0,0.65407
0,0.65419
0,0.65459
0,0.65469
0,0.65481
0,0.65498
0,0.65524
0,0.65528
0,0.6553
0,0.6559
0,0.65629
0,0.65635
0,0.65646
0,0.65673
0,0.65701
0,0.65727
0,0.65728
0,0.65729
0,0.65747
0,0.65761
0,0.6577
0,0.65797
0,0.65824
0,0.65898
0,0.65962
0,0.65964
0,0.65969
0,0.6597
0,0.65985
0,0.66121
0,0.66159
0,0.66181
0,0.66195
0,0.66219
0,0.66267
0,0.66273
0,0.66275
0,0.66287
0,0.66354
0,0.66375
0,0.66408
0,0.66425
0,0.66492
0,0.66497
0,0.66522
0,0.66529
0,0.66561
0,0.66587
0,0.66606
0,0.66628
0,0.66647
0,0.66718
0,0.66729
0,0.66737
0,0.66801
0,0.66874
0,0.66881
0,0.66916
0,0.66924
0,0.6697
0,0.66971
0,0.66989
0,0.66991
0,0.66995
0,0.67019
0,0.67052
0,0.67054
0,0.67089
0,0.67112
0,0.67125
0,0.67131
0,0.67198
0,0.67207
0,0.67236
0,0.67257
0,0.67271
0,0.67314
0,0.67317
0,0.67333
0,0.67335
0,0.67363
0,0.67368
0,0.67418
0,0.67458
0,0.67462
0,0.67484
0,0.67533
0,0.67548
0,0.67561
0,0.67572
0,0.67583
0,0.67585
0,0.67595
0,0.67606
0,0.67618
0,0.67624
0,0.67646
0,0.67705
0,0.67749
0,0.67767
0,0.67775
0,0.67794
0,0.67795
0,0.67802
0,0.6781
0,0.6787
0,0.67874
0,0.67909
0,0.6793
0,0.67934
0,0.67997
0,0.67999
0,0.68017
0,0.6803
0,0.68036
0,0.68038
0,0.68046
0,0.68055
0,0.68057
0,0.6806
0,0.68109
0,0.68111
0,0.68124
0,0.68131
0,0.68133
0,0.68207
0,0.68254
0,0.68267
0,0.68303
0,0.68305
0,0.6832
0,0.68327
0,0.68329
0,0.68362
0,0.68372
0,0.68395
0,0.6842
0,0.68422
0,0.68455
0,0.68474
0,0.6849
0,0.68507
0,0.68552
0,0.68603
0,0.68607
0,0.68638
0,0.68648
0,0.68684
0,0.68685
0,0.68688
0,0.68703
0,0.6878
0,0.68781
0,0.68784
0,0.68791
0,0.68799
0,0.68806
0,0.68813
0,0.68817
0,0.68828
0,0.68847
0,0.68859
0,0.68883
0,0.68936
0,0.68954
0,0.68959
0,0.68961
0,0.68968
0,0.68975
0,0.6901
0,0.69045
0,0.6906
0,0.69116
0,0.69125
0,0.69138
0,0.69177
0,0.69194
0,0.6922
0,0.69228
0,0.69268
0,0.69269
0,0.69309
0,0.6932
0,0.69348
0,0.6935
0,0.69367
0,0.69368
0,0.6938
0,0.69438
0,0.69444
0,0.69485
0,0.69497
0,0.69522
0,0.69524
0,0.69533
0,0.69572
0,0.69654
0,0.69809
0,0.69829
0,0.69849
0,0.69914
0,0.69951
0,0.70002
0,0.7002
0,0.70022
0,0.70055
0,0.70068
0,0.70076
0,0.70083
0,0.70092
0,0.70109
0,0.70112
0,0.70116
0,0.70121
0,0.70129
0,0.70137
0,0.70158
0,0.70168
0,0.70269
0,0.70279
0,0.703
0,0.70316
0,0.70338
0,0.70384
0,0.70401
0,0.70423
0,0.70431
0,0.70437
0,0.70445
0,0.70548
0,0.70612
0,0.707
0,0.70732
0,0.70743
0,0.70752
0,0.70808
0,0.70822
0,0.70846
0,0.70891
0,0.70911
0,0.70923
0,0.70972
0,0.70975
0,0.70992
0,0.7101
0,0.71015
0,0.71034
0,0.71041
0,0.71062
0,0.71064
0,0.71096
0,0.71097
0,0.71124
0,0.71162
0,0.71202
0,0.71206
0,0.71214
0,0.71217
0,0.71237
0,0.71254
0,0.71257
0,0.71268
0,0.71286
0,0.713
0,0.71308
0,0.7135
0,0.71371
0,0.71431
0,0.71437
0,0.71441
0,0.71449
0,0.71472
0,0.71498
0,0.71536
0,0.71538
0,0.71579
0,0.71626
0,0.71635
0,0.71666
0,0.71701
0,0.71705
0,0.71722
0,0.7173
0,0.71742
0,0.71749
0,0.71751
0,0.7178
0,0.71787
0,0.71818
0,0.71819
0,0.71837
0,0.71852
0,0.71859
0,0.71872
0,0.71889
0,0.71914
0,0.71935
0,0.72014
0,0.72038
0,0.7209
0,0.72102
0,0.72142
0,0.72145
0,0.72153
0,0.72162
0,0.72166
0,0.72196
0,0.72281
0,0.72289
0,0.7235
0,0.7236
0,0.72382
0,0.72396
0,0.72406
0,0.72408
0,0.72424
0,0.7243
0,0.72439
0,0.72478
0,0.72511
0,0.72581
0,0.72583
0,0.72605
0,0.72621
0,0.72655
0,0.7266
0,0.7268
0,0.72698
0,0.72712
0,0.72724
0,0.72755
0,0.72759
0,0.72762
0,0.72776
0,0.72789
0,0.72799
0,0.72819
0,0.72851
0,0.72856
0,0.72876
0,0.72892
0,0.72929
0,0.72937
0,0.72943
0,0.72949
0,0.73005
0,0.7302
0,0.73038
0,0.73042
0,0.73054
0,0.73071
0,0.73076
0,0.73111
0,0.73113
0,0.73116
0,0.73123
0,0.73135
0,0.73138
0,0.73154
0,0.73156
0,0.73173
0,0.73195
0,0.73217
0,0.7322
0,0.73292
0,0.73314
0,0.73427
0,0.73437
0,0.73464
0,0.73492
0,0.73495
0,0.73519
0,0.73682
0,0.73695
0,0.73735
0,0.73755
0,0.73758
0,0.73796
0,0.7381
0,0.73852
0,0.7387
0,0.73899
0,0.73939
0,0.7394
0,0.73959
0,0.73971
0,0.73984
0,0.7399
0,0.74028
0,0.7409
0,0.74091
0,0.74095
0,0.74142
0,0.74151
0,0.74186
0,0.74188
0,0.74198
0,0.74205
0,0.74207
0,0.74222
0,0.74263
0,0.74306
0,0.74311
0,0.74319
0,0.74339
0,0.7438
0,0.74404
0,0.74405
0,0.74433
0,0.74435
0,0.74468
0,0.74483
0,0.74522
0,0.74536
0,0.74541
0,0.74581
0,0.74582
0,0.74644
0,0.74705
0,0.74728
0,0.74739
0,0.74801
0,0.7483
0,0.74867
0,0.74878
0,0.74903
0,0.74937
0,0.74939
0,0.75001
0,0.75003
0,0.75009
0,0.75072
0,0.75076
0,0.75105
0,0.75118
0,0.75123
0,0.75137
0,0.75149
0,0.75151
0,0.75154
0,0.7516
0,0.75169
0,0.75172
0,0.75177
0,0.75188
0,0.75192
0,0.752
0,0.75211
0,0.75234
0,0.75287
0,0.75318
0,0.75347
0,0.75352
0,0.75363
0,0.75379
0,0.7539
0,0.75402
0,0.75418
0,0.75466
0,0.75467
0,0.75476
0,0.75495
0,0.75528
0,0.75535
0,0.75557
0,0.75573
0,0.75593
0,0.75603
0,0.75613
0,0.75649
0,0.75654
0,0.75705
0,0.75733
0,0.75737
0,0.75749
0,0.75751
0,0.75791
0,0.75794
0,0.75819
0,0.75828
0,0.75835
0,0.75851
0,0.75855
0,0.75874
0,0.75875
0,0.75912
0,0.75929
0,0.7596
0,0.76021
0,0.76027
0,0.76052
0,0.76077
0,0.7608
0,0.76084
0,0.76092
0,0.76117
0,0.76133
0,0.76136
0,0.7614
0,0.76142
0,0.76182
0,0.7619
0,0.76195
0,0.76217
0,0.76235
0,0.76242
0,0.76252
0,0.76291
0,0.76294
0,0.76296
0,0.76349
0,0.76355
0,0.76374
0,0.76381
0,0.76466
0,0.7652
0,0.76542
0,0.76557
0,0.76596
0,0.76612
0,0.76616
0,0.76679
0,0.76703
0,0.76719
0,0.76728
0,0.7673
0,0.76734
0,0.76766
0,0.7677
0,0.76776
0,0.768
0,0.76811
0,0.76831
0,0.76851
0,0.76858
0,0.76872
0,0.76886
0,0.76915
0,0.76916
0,0.76919
0,0.76948
0,0.76982
0,0.76987
0,0.76996
0,0.77004
0,0.77008
0,0.77033
0,0.77039
0,0.77053
0,0.77059
0,0.77066
0,0.77138
0,0.77142
0,0.77151
0,0.77152
0,0.77157
0,0.77158
0,0.77193
0,0.77199
0,0.772
0,0.77208
0,0.77213
0,0.77225
0,0.7725
0,0.77266
0,0.77281
0,0.77294
0,0.77305
0,0.77329
0,0.77341
0,0.77414
0,0.77441
0,0.77457
0,0.77476
0,0.77485
0,0.77497
0,0.7751
0,0.77521
0,0.77523
0,0.77532
0,0.77553
0,0.77582
0,0.77605
0,0.77648
0,0.77719
0,0.77731
0,0.7776
0,0.77788
0,0.77791
0,0.77823
0,0.77898
0,0.77899
0,0.77912
0,0.77917
0,0.77924
0,0.77945
0,0.78002
0,0.78014
0,0.78019
0,0.78039
0,0.7806
0,0.78061
0,0.78164
0,0.7817
0,0.78174
0,0.78197
0,0.78211
0,0.78218
0,0.78227
0,0.78233
0,0.78248
0,0.78261
0,0.78267
0,0.78278
0,0.78297
0,0.78307
0,0.78315
0,0.78323
0,0.78343
0,0.78344
0,0.78352
0,0.78369
0,0.78389
0,0.78423
0,0.78468
0,0.78485
0,0.78503
0,0.78529
0,0.78622
0,0.78635
0,0.78679
0,0.7869
0,0.78724
0,0.7874
0,0.78782
0,0.78797
0,0.78822
0,0.78823
0,0.78837
0,0.78868
0,0.78886
0,0.789
0,0.78912
0,0.78946
0,0.78979
0,0.7898
0,0.78995
0,0.78996
0,0.7904
0,0.79044
0,0.79054
0,0.79059
0,0.79073
0,0.79102
0,0.79113
0,0.79114
0,0.79115
0,0.79117
0,0.79122
0,0.7913
0,0.79161
0,0.79176
0,0.79179
0,0.79207
0,0.79222
0,0.79238
0,0.7925
0,0.79254
0,0.79256
0,0.793
0,0.79313
0,0.79319
0,0.79349
0,0.79364
0,0.7941
0,0.79428
0,0.79475
0,0.79487
0,0.79513
0,0.79553
0,0.79554
0,0.79559
0,0.79565
0,0.79579
0,0.79604
0,0.79618
0,0.79638
0,0.79639
0,0.7964
0,0.79655
0,0.79661
0,0.79733
0,0.79758
0,0.79767
0,0.79807
0,0.79822
0,0.79835
0,0.79845
0,0.79865
0,0.79868
0,0.79884
0,0.79907
0,0.7993
0,0.7995
0,0.79968
0,0.7997
0,0.7998
0,0.80014
0,0.80021
0,0.80029
0,0.80031
0,0.80036
0,0.80082
0,0.80093
0,0.8011
0,0.80114
0,0.8012
0,0.80127
0,0.80131
0,0.80166
0,0.80167
0,0.80173
0,0.80183
0,0.80192
0,0.80213
0,0.80253
0,0.80263
0,0.80289
0,0.80352
0,0.80387
0,0.80414
0,0.80423
0,0.80425
0,0.8044
0,0.80478
0,0.80494
0,0.80518
0,0.8052
0,0.80525
0,0.80528
0,0.80627
0,0.80671
0,0.80675
0,0.80681
0,0.80719
0,0.80763
0,0.80803
0,0.8087
0,0.80893
0,0.80909
0,0.80928
0,0.80946
0,0.80947
0,0.80961
0,0.80977
0,0.81006
0,0.81019
0,0.81024
0,0.8103
0,0.81091
0,0.81126
0,0.81171
0,0.81191
0,0.81195
0,0.81215
0,0.81241
0,0.81249
0,0.81255
0,0.81261
0,0.81276
0,0.81278
0,0.81279
0,0.81315
0,0.81318
0,0.8132
0,0.81336
0,0.81374
0,0.81441
0,0.81454
0,0.81469
0,0.81471
0,0.81481
0,0.81495
0,0.81504
0,0.81531
0,0.81557
0,0.81562
0,0.81563
0,0.81581
0,0.81591
0,0.81594
0,0.81624
0,0.81653
0,0.81659
0,0.817
0,0.81715
0,0.81722
0,0.81747
0,0.81766
0,0.81804
0,0.81842
0,0.81853
0,0.81862
0,0.81867
0,0.81883
0,0.81954
0,0.81955
0,0.81971
0,0.8198
0,0.81999
0,0.82
0,0.82029
0,0.82039
0,0.82061
0,0.82065
0,0.82078
0,0.82092
0,0.82096
0,0.82135
0,0.8215
0,0.82168
0,0.82176
0,0.82178
0,0.82184
0,0.82195
0,0.82231
0,0.82254
0,0.82296
0,0.82324
0,0.82331
0,0.82368
0,0.82373
0,0.82386
0,0.8241
0,0.82422
0,0.82449
0,0.82454
0,0.82459
0,0.82471
0,0.82514
0,0.82527
0,0.82585
0,0.8259
0,0.82596
0,0.82607
0,0.82638
0,0.82644
0,0.82649
0,0.82656
0,0.82663
0,0.82713
0,0.82714
0,0.82724
0,0.8276
0,0.8277
0,0.82777
0,0.82802
0,0.82828
0,0.82838
0,0.82851
0,0.82858
0,0.82861
0,0.82866
0,0.82882
0,0.82902
0,0.82912
0,0.82939
0,0.82955
0,0.82976
0,0.83015
0,0.83028
0,0.83077
0,0.83082
0,0.83091
0,0.83103
0,0.83141
0,0.83174
0,0.8321
0,0.83215
0,0.83232
0,0.83297
0,0.83333
0,0.83347
0,0.83383
0,0.8352
0,0.83521
0,0.83532
0,0.8354
0,0.83548
0,0.83569
0,0.83597
0,0.83604
0,0.8364
0,0.8366
0,0.83709
0,0.8371
0,0.83739
0,0.83771
0,0.83774
0,0.83796
0,0.83817
0,0.8385
0,0.83857
0,0.83877
0,0.83884
0,0.83895
0,0.83908
0,0.83915
0,0.83935
0,0.83998
0,0.84032
0,0.84131
0,0.84179
0,0.84189
0,0.842
0,0.84236
0,0.84262
0,0.84274
0,0.84279
0,0.84294
0,0.84327
0,0.84347
0,0.84415
0,0.84441
0,0.84459
0,0.84484
0,0.84495
0,0.84506
0,0.84513
0,0.84528
0,0.84534
0,0.84535
0,0.84547
0,0.84586
0,0.84598
0,0.84633
0,0.84651
0,0.84677
0,0.84696
0,0.84744
0,0.84745
0,0.84746
0,0.84751
0,0.84753
0,0.84809
0,0.84839
0,0.84843
0,0.84866
0,0.84867
0,0.8487
0,0.84887
0,0.84921
0,0.84944
0,0.84951
0,0.84963
0,0.84978
0,0.84989
0,0.84991
0,0.85002
0,0.8502
0,0.85028
0,0.85055
0,0.85063
0,0.85064
0,0.85079
0,0.85127
0,0.85135
0,0.85141
0,0.85179
0,0.85187
0,0.85197
0,0.85213
0,0.85215
0,0.85229
0,0.85233
0,0.85244
0,0.85277
0,0.85278
0,0.85299
0,0.85356
0,0.85364
0,0.85366
0,0.85381
0,0.85394
0,0.85406
0,0.8541
0,0.85457
0,0.8546
0,0.85466
0,0.85481
0,0.85499
0,0.85509
0,0.85516
0,0.85535
0,0.85545
0,0.85588
0,0.85594
0,0.8562
0,0.85665
0,0.85679
0,0.85686
0,0.85693
0,0.85712
0,0.85716
0,0.85717
0,0.85721
0,0.85727
0,0.85738
0,0.85745
0,0.85771
0,0.85833
0,0.85838
0,0.85882
0,0.85897
0,0.85899
0,0.85913
0,0.8592
0,0.85937
0,0.85987
0,0.86029
0,0.86078
0,0.8609
0,0.86097
0,0.861
0,0.8611
0,0.86122
0,0.86131
0,0.86153
0,0.86167
0,0.86205
0,0.86214
0,0.86231
0,0.86239
0,0.86245
0,0.86299
0,0.86323
0,0.8633
0,0.86342
0,0.86425
0,0.86445
0,0.86449
0,0.86451
0,0.86514
0,0.86522
0,0.8656
0,0.86571
0,0.86604
0,0.86647
0,0.86686
0,0.86693
0,0.86718
0,0.86722
0,0.86744
0,0.86777
0,0.86793
0,0.86794
0,0.86795
0,0.86797
0,0.8681
0,0.86842
0,0.8685
0,0.86854
0,0.8688
0,0.86937
0,0.86942
0,0.86952
0,0.8696
0,0.87007
0,0.87008
0,0.87015
0,0.87031
0,0.87036
0,0.87089
0,0.87131
0,0.87135
0,0.87152
0,0.87161
0,0.87164
0,0.87172
0,0.872
0,0.87212
0,0.87223
0,0.87256
0,0.87296
0,0.87301
0,0.87327
0,0.87378
0,0.87388
0,0.87398
0,0.87418
0,0.87452
0,0.87485
0,0.87522
0,0.87525
0,0.87533
0,0.87541
0,0.87568
0,0.8757
0,0.8762
0,0.87663
0,0.87709
0,0.87745
0,0.87774
0,0.87782
0,0.87816
0,0.87821
0,0.87829
0,0.87849
0,0.8785
0,0.87867
0,0.8788
0,0.87894
0,0.879
0,0.87907
0,0.87932
0,0.87946
0,0.87973
0,0.88031
0,0.88047
0,0.88058
0,0.88066
0,0.88098
0,0.88169
0,0.88177
0,0.88204
0,0.88247
0,0.88263
0,0.88273
0,0.88334
0,0.88358
0,0.88368
0,0.88372
0,0.88387
0,0.88397
0,0.88418
0,0.88477
0,0.88514
0,0.88522
0,0.88537
0,0.88569
0,0.88686
0,0.88687
0,0.88705
0,0.88718
0,0.88731
0,0.88744
0,0.88766
0,0.88798
0,0.88804
0,0.88877
0,0.88904
0,0.88929
0,0.88939
0,0.88943
0,0.88964
0,0.88966
0,0.88996
0,0.89013
0,0.89025
0,0.89057
0,0.89064
0,0.89081
0,0.89096
0,0.89098
0,0.89108
0,0.89121
0,0.89141
0,0.89155
0,0.89173
0,0.89206
0,0.89214
0,0.8923
0,0.89239
0,0.89291
0,0.89301
0,0.89312
0,0.89363
0,0.89388
0,0.89409
0,0.89433
0,0.89447
0,0.89449
0,0.89488
0,0.89514
0,0.89524
0,0.89527
0,0.8953
0,0.89532
0,0.89555
0,0.89571
0,0.89657
0,0.89658
0,0.89671
0,0.89674
0,0.8969
0,0.89706
0,0.89715
0,0.89724
0,0.89756
0,0.89758
0,0.89759
0,0.89771
0,0.89776
0,0.89831
0,0.89846
0,0.89852
0,0.89857
0,0.89869
0,0.89873
0,0.89922
0,0.89944
0,0.89969
0,0.90062
0,0.90114
0,0.90172
0,0.9019
0,0.90214
0,0.90218
0,0.90232
0,0.90248
0,0.9029
0,0.90315
0,0.90317
0,0.90345
0,0.90397
0,0.90416
0,0.90423
0,0.90439
0,0.90472
0,0.90504
0,0.90536
0,0.90557
0,0.90558
0,0.90591
0,0.90615
0,0.90663
0,0.90665
0,0.90673
0,0.90676
0,0.90706
0,0.90709
0,0.90736
0,0.90741
0,0.90743
0,0.90766
0,0.90827
0,0.90838
0,0.90846
0,0.9085
0,0.90865
0,0.90882
0,0.90897
0,0.90946
0,0.9096
0,0.90976
0,0.90977
0,0.90996
0,0.91007
0,0.91028
0,0.91041
0,0.91046
0,0.9106
0,0.91084
0,0.911
0,0.91117
0,0.91121
0,0.9113
0,0.91131
0,0.91152
0,0.91198
0,0.91207
0,0.91208
0,0.91209
0,0.9122
0,0.91291
0,0.91332
0,0.91347
0,0.91355
0,0.91367
0,0.91375
0,0.91393
0,0.91406
0,0.91429
0,0.91453
0,0.9147
0,0.91471
0,0.91479
0,0.91512
0,0.91521
0,0.91537
0,0.91541
0,0.91559
0,0.91571
0,0.91609
0,0.91631
0,0.91644
0,0.91655
0,0.91674
0,0.91692
0,0.91724
0,0.91753
0,0.91883
0,0.91891
0,0.91893
0,0.91903
0,0.91905
0,0.91929
0,0.91934
0,0.91937
0,0.91963
0,0.92007
0,0.92021
0,0.92036
0,0.92061
0,0.92145
0,0.92179
0,0.92186
0,0.92206
0,0.9222
0,0.92263
0,0.92271
0,0.92328
0,0.92331
0,0.92336
0,0.92368
0,0.92423
0,0.92446
0,0.92507
0,0.92521
0,0.92551
0,0.92622
0,0.92627
0,0.92732
0,0.92793
0,0.92807
0,0.92809
0,0.92832
0,0.9285
0,0.92942
0,0.92972
0,0.92998
0,0.9302
0,0.93078
0,0.93084
0,0.9309
0,0.931
0,0.93111
0,0.93128
0,0.93207
0,0.93216
0,0.93255
0,0.9326
0,0.93301
0,0.93312
0,0.93315
0,0.9336
0,0.93366
0,0.93378
0,0.93398
0,0.93403
0,0.93411
0,0.93449
0,0.93476
0,0.93508
0,0.936
0,0.93627
0,0.93658
0,0.93664
0,0.93667
0,0.93721
0,0.93766
0,0.93824
0,0.93834
0,0.93872
0,0.93873
0,0.93913
0,0.93921
0,0.93951
0,0.9397
0,0.93979
0,0.93982
0,0.9403
0,0.94042
0,0.94043
0,0.94067
0,0.94102
0,0.94131
0,0.94142
0,0.94151
0,0.94217
0,0.9425
0,0.9428
0,0.94317
0,0.94319
0,0.94332
0,0.94353
0,0.94359
0,0.94371
0,0.94387
0,0.94415
0,0.94436
0,0.9447
0,0.94489
0,0.94493
0,0.94523
0,0.94528
0,0.94547
0,0.94551
0,0.94564
0,0.94579
0,0.9458
0,0.94584
0,0.94607
0,0.94671
0,0.94701
0,0.94706
0,0.94708
0,0.9471
0,0.94721
0,0.94732
0,0.94739
0,0.94765
0,0.9477
0,0.9479
0,0.94798
0,0.94822
0,0.94826
0,0.94842
0,0.94859
0,0.94863
0,0.94882
0,0.94995
0,0.95014
0,0.95048
0,0.95062
0,0.95136
0,0.95165
0,0.95174
0,0.95203
0,0.95211
0,0.9523
0,0.95251
0,0.95256
0,0.9527
0,0.95272
0,0.95279
0,0.95311
0,0.95326
0,0.95418
0,0.95451
0,0.95454
0,0.95458
0,0.95507
0,0.95528
0,0.9554
0,0.95554
0,0.95568
0,0.95576
0,0.95577
0,0.95582
0,0.95608
0,0.95623
0,0.95656
0,0.95689
0,0.95697
0,0.9571
0,0.95725
0,0.95738
0,0.95747
0,0.95762
0,0.95765
0,0.95801
0,0.95838
0,0.95983
0,0.96013
0,0.96015
0,0.96033
0,0.96048
0,0.96051
0,0.9609
0,0.96117
0,0.96157
0,0.96174
0,0.96185
0,0.96194
0,0.96197
0,0.96228
0,0.96248
0,0.9625
0,0.96264
0,0.9627
0,0.96309
0,0.96321
0,0.96341
0,0.96344
0,0.96363
0,0.96365
0,0.96378
0,0.9642
0,0.96441
0,0.96457
0,0.96467
0,0.96479
0,0.96483
0,0.96511
0,0.96528
0,0.96577
0,0.96606
0,0.96613
0,0.96634
0,0.96696
0,0.96723
0,0.96735
0,0.96742
0,0.96747
0,0.96826
0,0.96842
0,0.96851
0,0.96873
0,0.96898
0,0.96907
0,0.96931
0,0.9694
0,0.96961
0,0.96967
0,0.96979
0,0.9698
0,0.96986
0,0.97006
0,0.9701
0,0.97026
0,0.97055
0,0.9706
0,0.97062
0,0.97074
0,0.97113
0,0.97118
0,0.97139
0,0.97173
0,0.97174
0,0.97203
0,0.97226
0,0.97232
0,0.97237
0,0.97249
0,0.97265
0,0.97273
0,0.97313
0,0.97322
0,0.97348
0,0.97384
0,0.97393
0,0.97417
0,0.9742
0,0.97432
0,0.97456
0,0.97462
0,0.97471
0,0.97475
0,0.9753
0,0.97556
0,0.97565
0,0.97587
0,0.97595
0,0.97616
0,0.97639
0,0.97676
0,0.97702
0,0.97703
0,0.9774
0,0.97752
0,0.97755
0,0.97792
0,0.97814
0,0.97815
0,0.97817
0,0.97821
0,0.97829
0,0.97836
0,0.97847
0,0.97905
0,0.97938
0,0.97939
0,0.97945
0,0.97947
0,0.9795
0,0.97951
0,0.97971
0,0.97978
0,0.97985
0,0.97992
0,0.98099
0,0.98103
0,0.98114
0,0.98115
0,0.98144
0,0.98145
0,0.98156
0,0.9816
0,0.98167
0,0.98191
0,0.98194
0,0.98208
0,0.98225
0,0.983
0,0.98306
0,0.98322
0,0.98329
0,0.98331
0,0.98351
0,0.98356
0,0.98368
0,0.98371
0,0.98379
0,0.98388
0,0.98398
0,0.98413
0,0.98423
0,0.98449
0,0.98457
0,0.98488
0,0.98509
0,0.98513
0,0.98526
0,0.98563
0,0.98636
0,0.98673
0,0.98676
0,0.98682
0,0.98753
0,0.9876
0,0.9877
0,0.98775
0,0.98795
0,0.98801
0,0.98805
0,0.98861
0,0.98867
0,0.98873
0,0.9888
0,0.98882
0,0.98906
0,0.98922
0,0.98926
0,0.98928
0,0.98929
0,0.98934
0,0.98936
0,0.98938
0,0.9894
0,0.98997
0,0.99007
0,0.99044
0,0.99047
0,0.99054
0,0.99067
0,0.99137
0,0.99138
0,0.9917
0,0.99177
0,0.99219
0,0.99226
0,0.99243
0,0.99246
0,0.99252
0,0.99257
0,0.99276
0,0.99289
0,0.99312
0,0.9932
0,0.99345
0,0.99361
0,0.99458
0,0.99496
0,0.99502
0,0.99504
0,0.99519
0,0.99521
0,0.99532
0,0.99538
0,0.99558
0,0.99572
0,0.99591
0,0.99609
0,0.99634
0,0.99644
0,0.9967
0,0.99701
0,0.99705
0,0.99708
0,0.99732
0,0.99775
0,0.9979
0,0.99797
0,0.9981
0,0.99819
0,0.9983
0,0.99838
0,0.99848
0,0.99856
0,0.99858
0,0.99862
0,0.99867
0,0.99874
0,0.99882
0,0.9989
0,0.99932
0,0.99956
0,0.99968
0,0.99978
